id,totTime,numSoln
1,0,2
7,0,16
8,0,68
13,0,2
14,0,1
17,0,"1,111"
18,0,1
22,0,1
34,0,3
42,0,1
49,0,4
52,0,2
61,0,1
66,0,1
67,0,56
70,0,113
72,0,8
75,0,3
79,0,1
85,0,3
87,0,4
89,0,2
96,0,10
99,0,110
104,0,2
116,0,1
120,0,7
121,0,64
130,0,1
137,0,1
146,0,1
147,0,2
149,0,6
150,0,1
156,0,1
163,0,3
168,0,8
174,0,2
177,0,3
187,0,1
188,0,4
194,0,1
204,0,2
208,0,1
221,0,42
228,0,1
229,0,2
230,0,1
237,0,6
238,0,1
244,0,"1,059"
248,0,20
252,0,5
254,0,1
262,0,1
264,0,4
267,0,1
278,0,94
281,0,1
288,0,7
290,0,7
293,0,50
299,0,1
300,0,9
301,0,1
308,0,4
311,0,4
315,0,10
323,0,2
326,0,1
333,0,4
336,0,1
337,0,2
348,0,818
351,0,1
360,0,3
364,0,12
366,0,389
367,0,1
370,0,304
373,0,20
374,0,44
382,0,1
385,0,1
386,0,2
388,0,3
389,0,45
394,0,"1,107"
399,0,57
410,0,1
425,0,1
429,0,2
437,0,1
439,0,52
443,0,182
447,0,2
449,0,2
453,0,1
454,0,1
455,0,958
462,0,1
471,0,2
479,0,8
483,0,204
484,0,496
485,0,1
494,0,1
506,0,4
508,0,1
513,0,7
525,0,1
532,0,2
539,0,1
543,0,1
549,0,781
554,0,25
558,0,2
560,0,114
575,0,10
584,0,5
587,0,3
596,0,1
602,0,671
603,0,18
606,0,2
608,0,81
613,0,3
621,0,52
629,0,4
637,0,1
638,0,1
639,0,33
652,0,1
661,0,1
668,0,1
669,0,2
672,0,1
673,0,1
674,0,2
675,0,1
676,0,1
678,0,1
679,0,3
680,0,"1,180"
684,0,1
694,0,1
697,0,1
707,0,1
710,0,237
714,0,1
715,0,1
717,0,8
720,0,57
724,0,47
727,0,9
728,0,1
730,0,54
733,0,1
734,0,2
735,0,181
743,0,40
752,0,1
753,0,1
759,0,72
760,0,2
764,0,54
766,0,12
770,0,6
771,0,20
772,0,54
773,0,12
774,0,11
778,0,133
780,0,1
782,0,4
787,0,20
789,0,1
797,0,281
798,0,4
799,0,3
805,0,66
807,0,1
820,0,4
837,0,20
840,0,33
845,0,1
852,0,10
857,0,56
863,0,3
864,0,1
870,0,25
875,0,2
895,0,1
898,0,2
903,0,11
906,0,1
909,0,4
919,0,1
922,0,12
926,0,19
933,0,31
953,0,18
960,0,2
961,0,362
963,0,5
978,0,2
982,0,1
985,0,1
988,0,1
990,0,1
993,0,5
998,0,2
1002,0,1
1013,0,3
1015,0,304
1016,0,9
1025,0,3
1027,0,2
1030,0,1
1034,0,2
1036,0,380
1048,0,54
1049,0,100
1051,0,1
1063,0,1
1073,0,9
1083,0,1
1093,0,1
1097,0,2
1098,0,39
1106,0,11
1108,0,3
1114,0,4
1116,0,4
1139,0,18
1142,0,4
1147,0,1
1152,0,1
1154,0,1
1162,0,22
1177,0,1
1178,0,13
1200,0,7
1202,0,2
1206,0,2
1220,0,4
1223,0,4
1228,0,912
1241,0,1
1257,0,16
1291,0,2
1292,0,53
1301,0,46
1324,0,42
1325,0,2
1326,0,1
1327,0,2
1328,0,123
1329,0,866
1330,0,3
1334,0,3
1339,0,27
1342,0,6
1344,0,8
1348,0,1
1350,0,4
1358,0,2
1361,0,17
1368,0,"5,679"
1376,0,1
1382,0,24
1385,0,2
1386,0,2
1389,0,1
1402,0,1
1404,0,268
1406,0,4
1413,0,5
1414,0,1
1418,0,26
1419,0,338
1422,0,6
1428,0,6
1434,0,"2,657"
1436,0,1
1440,0,2
1443,0,5
1448,0,18
1452,0,1
1455,0,15
1457,0,20
1462,0,1
1465,0,54
1466,0,1
1468,0,30
1477,0,6
1489,0,4
1501,0,12
1502,0,6
1509,0,3
1510,0,14
1512,0,54
1518,0,23
1530,0,11
1531,0,1
1532,0,1
1547,0,1
1548,0,4
1553,0,2
1561,0,2
1566,0,2
1579,0,25
1582,0,1
1586,0,14
1588,0,7
1604,0,6
1606,0,2
1609,0,1
1615,0,12
1616,0,17
1618,0,"1,460"
1621,0,80
1629,0,1
1632,0,2
1634,0,2
1637,0,1
1639,0,2
1642,0,96
1649,0,131
1664,0,67
1667,0,3
1668,0,8
1674,0,1
1681,0,1
1683,0,1
1697,0,5
1700,0,1
1702,0,1
1706,0,6
1720,0,1
1743,0,23
1749,0,2
1751,0,2
1768,0,1
1783,0,50
1786,0,4
1802,0,139
1807,0,4
1814,0,10
1819,0,8
1820,0,218
1824,0,1
1826,0,2
1829,0,1
1835,0,1
1836,0,3
1839,0,19
1875,0,2
1880,0,8
1882,0,2
1891,0,347
1895,0,1
1903,0,1
1918,0,70
1922,0,1
1930,0,5
1931,0,7
1942,0,4
1947,0,4
1951,0,1
1968,0,304
1974,0,55
1979,0,2
1983,0,1
1987,0,11
1990,0,28
1991,0,1
1995,0,1
2003,0,17
2005,0,10
2009,0,2
2012,0,1
2018,0,2
2021,0,1
2026,0,4
2028,0,1
2031,0,1
2034,0,1
2040,0,1
2042,0,1
2044,0,163
2046,0,12
2047,0,2
2050,0,"3,200"
2051,0,7
2054,0,33
2059,0,1
2069,0,3
2072,0,12
2073,0,1
2075,0,2
2079,0,2
2081,0,26
2085,0,5
2102,0,1
2105,0,1
2107,0,54
2109,0,1
2112,0,86
2114,0,1
2115,0,2
2117,0,3
2122,0,7
2129,0,53
2130,0,3
2131,0,1
2133,0,8
2142,0,133
2144,0,40
2151,0,1
2152,0,54
2157,0,3
2167,0,1
2168,0,12
2169,0,3
2174,0,1
2176,0,2
2177,0,2
2178,0,2
2180,0,12
2183,0,24
2184,0,2
2189,0,1
2190,0,194
2208,0,1
2209,0,1
2214,0,13
2215,0,"1,312"
2222,0,4
2224,0,32
2225,0,159
2231,0,6
2232,0,46
2235,0,3
2238,0,"1,476"
2241,0,6
2244,0,11
2247,0,577
2252,0,28
2254,0,2
2255,0,357
2257,0,1
2259,0,6
2263,0,4
2273,0,6
2277,0,1
2282,0,1
2293,0,338
2296,0,54
2297,0,1
2298,0,12
2299,0,890
2300,0,2
2310,0,1
2313,0,16
2315,0,1
2320,0,4
2322,0,6
2324,0,40
2329,0,2
2340,0,1
2348,0,2
2351,0,5
2354,0,3
2361,0,6
2367,0,96
2375,0,2
2376,0,3
2381,0,2
2388,0,58
2405,0,3
2408,0,1
2409,0,2
2416,0,4
2417,0,1
2429,0,3
2430,0,35
2433,0,1
2435,0,1
2437,0,1
2446,0,6
2449,0,129
2454,0,446
2463,0,1
2469,0,227
2471,0,6
2478,0,2
2483,0,1
2486,0,8
2499,0,2
2500,0,6
2501,0,33
2504,0,303
2516,0,33
2518,0,6
2532,0,1
2540,0,1
2570,0,3
2576,0,1
2579,0,1
2584,0,1
2609,0,29
2610,0,1
2614,0,1
2618,0,364
2642,0,1
2645,0,402
2651,0,20
2654,0,2
2659,0,4
2663,0,2
2667,0,614
2670,0,54
2682,0,2
2688,0,2
2702,0,1
2703,0,2
2706,0,1
2707,0,1
2710,0,1
2713,0,18
2714,0,1
2715,0,1
2718,0,4
2722,0,1
2723,0,478
2727,0,1
2729,0,34
2733,0,4
2738,0,1
2742,0,54
2752,0,1
2754,0,8
2760,0,12
2761,0,5
2766,0,2
2771,0,28
2773,0,3
2774,0,5
2776,0,429
2779,0,54
2792,0,218
2793,0,"2,520"
2797,0,2
2799,0,2
2801,0,1
2806,0,4
2823,0,1
2824,0,278
2825,0,1
2833,0,3
2843,0,1
2849,0,1
2851,0,4
2854,0,23
2855,0,10
2864,0,12
2873,0,3
2874,0,2
2882,0,1
2887,0,2
2888,0,655
2893,0,2
2895,0,2
2897,0,54
2900,0,2
2914,0,1
2917,0,2
2921,0,2
2933,0,1
2944,0,4
2948,0,9
2949,0,3
2950,0,1
2951,0,1
2953,0,64
2959,0,9
2965,0,1
2978,0,8
3000,0,2
3004,0,299
3006,0,1
3009,0,3
3019,0,23
3022,0,2
3026,0,4
3030,0,2
3032,0,2
3043,0,1
3052,0,8
3060,0,16
3061,0,1
3065,0,2
3067,0,1
3069,0,1
3070,0,1
3079,0,1
3088,0,1
3090,0,1
3098,0,80
3101,0,11
3113,0,1
3122,0,20
3125,0,1
3127,0,1
3135,0,1
3147,0,244
3149,0,2
3183,0,8
3188,0,5
3198,0,4
3199,0,21
3204,0,3
3211,0,1
3237,0,2
3247,0,46
3248,0,180
3251,0,32
3256,0,18
3258,0,4
3264,0,123
3284,0,7
3,0.01,53
6,0.01,468
10,0.01,23
11,0.01,5
15,0.01,9
16,0.01,2
19,0.01,4
20,0.01,16
21,0.01,30
25,0.01,1
26,0.01,2
28,0.01,4
29,0.01,127
31,0.01,16
35,0.01,3
36,0.01,2
37,0.01,36
40,0.01,140
41,0.01,1
43,0.01,1
44,0.01,49
46,0.01,7
48,0.01,"1,190"
53,0.01,10
54,0.01,20
56,0.01,"2,978"
57,0.01,1
60,0.01,3
62,0.01,8
64,0.01,4
65,0.01,4
69,0.01,6
71,0.01,5
74,0.01,971
76,0.01,1
77,0.01,3
78,0.01,"3,347"
81,0.01,1
83,0.01,1
88,0.01,4
90,0.01,3
93,0.01,16
95,0.01,4
98,0.01,8
102,0.01,22
106,0.01,6
107,0.01,1
109,0.01,140
110,0.01,750
111,0.01,667
114,0.01,"24,264"
115,0.01,12
117,0.01,2
118,0.01,1
119,0.01,1
122,0.01,15
123,0.01,209
124,0.01,32
125,0.01,1
126,0.01,20
127,0.01,18
128,0.01,"2,219"
129,0.01,17
131,0.01,42
133,0.01,35
136,0.01,110
138,0.01,2
139,0.01,7
141,0.01,120
142,0.01,14
144,0.01,59
145,0.01,1
151,0.01,21
155,0.01,4
158,0.01,188
159,0.01,3
160,0.01,1
162,0.01,48
165,0.01,2
169,0.01,24
170,0.01,90
172,0.01,2
175,0.01,1
176,0.01,1
180,0.01,40
182,0.01,"1,542"
185,0.01,599
189,0.01,42
190,0.01,1
191,0.01,851
195,0.01,1
197,0.01,84
198,0.01,3
199,0.01,51
201,0.01,308
206,0.01,4
210,0.01,873
212,0.01,95
213,0.01,6
214,0.01,"1,861"
215,0.01,2
217,0.01,5
218,0.01,18
220,0.01,1
222,0.01,2
227,0.01,43
232,0.01,61
236,0.01,99
242,0.01,37
243,0.01,"2,389"
247,0.01,65
249,0.01,134
250,0.01,19
251,0.01,3
253,0.01,33
258,0.01,"1,642"
261,0.01,10
265,0.01,144
271,0.01,2
272,0.01,282
273,0.01,20
274,0.01,1
279,0.01,105
287,0.01,5
292,0.01,"1,312"
296,0.01,64
298,0.01,4
305,0.01,140
309,0.01,8
312,0.01,266
313,0.01,151
319,0.01,110
324,0.01,4
327,0.01,4
328,0.01,65
329,0.01,582
332,0.01,6
334,0.01,8
335,0.01,"6,143"
342,0.01,1
347,0.01,"2,721"
353,0.01,3
363,0.01,6
365,0.01,770
375,0.01,1
377,0.01,86
380,0.01,971
381,0.01,18
387,0.01,4
397,0.01,2
398,0.01,4
400,0.01,"7,055"
401,0.01,238
407,0.01,1
411,0.01,42
415,0.01,4
417,0.01,1
420,0.01,397
421,0.01,22
431,0.01,"1,422"
435,0.01,11
436,0.01,7
442,0.01,11
450,0.01,366
451,0.01,1
456,0.01,14
457,0.01,2
459,0.01,18
464,0.01,30
465,0.01,2
466,0.01,140
474,0.01,25
477,0.01,32
482,0.01,589
487,0.01,11
488,0.01,"1,300"
489,0.01,658
492,0.01,3
493,0.01,3
498,0.01,2
523,0.01,2
524,0.01,8
550,0.01,135
555,0.01,28
567,0.01,4
568,0.01,4
577,0.01,65
591,0.01,5
593,0.01,385
597,0.01,"4,073"
600,0.01,1
612,0.01,1
618,0.01,18
626,0.01,20
643,0.01,2
646,0.01,696
660,0.01,2
662,0.01,"3,438"
663,0.01,5
664,0.01,14
665,0.01,99
666,0.01,539
667,0.01,4
670,0.01,376
671,0.01,490
677,0.01,2
681,0.01,90
682,0.01,3
683,0.01,65
687,0.01,6
688,0.01,813
691,0.01,1
693,0.01,2
696,0.01,"3,040"
702,0.01,148
703,0.01,1
704,0.01,6
705,0.01,21
706,0.01,13
716,0.01,9
722,0.01,18
723,0.01,658
731,0.01,4
736,0.01,30
737,0.01,599
738,0.01,15
740,0.01,161
741,0.01,10
742,0.01,3
747,0.01,1
749,0.01,3
750,0.01,4
751,0.01,1
754,0.01,16
758,0.01,"1,990"
761,0.01,6
763,0.01,3
769,0.01,6
777,0.01,96
783,0.01,"4,442"
785,0.01,15
788,0.01,18
790,0.01,67
792,0.01,175
793,0.01,2
794,0.01,"2,619"
796,0.01,4
801,0.01,25
803,0.01,12
806,0.01,6
811,0.01,3
812,0.01,6
818,0.01,2
819,0.01,3
821,0.01,209
828,0.01,14
829,0.01,2
830,0.01,81
835,0.01,6
836,0.01,4
838,0.01,145
841,0.01,1
842,0.01,5
844,0.01,8
848,0.01,1
849,0.01,5
850,0.01,800
851,0.01,86
854,0.01,3
855,0.01,38
860,0.01,16
865,0.01,42
867,0.01,116
868,0.01,2
869,0.01,6
871,0.01,6
872,0.01,2
874,0.01,2
876,0.01,24
879,0.01,3
880,0.01,8
888,0.01,2
889,0.01,8
890,0.01,8
891,0.01,3
892,0.01,852
896,0.01,24
901,0.01,18
904,0.01,"6,210"
908,0.01,7
911,0.01,290
914,0.01,599
917,0.01,102
923,0.01,1
924,0.01,6
925,0.01,96
927,0.01,53
929,0.01,6
930,0.01,140
931,0.01,"2,721"
934,0.01,4
936,0.01,"2,027"
939,0.01,25
942,0.01,51
948,0.01,75
958,0.01,92
965,0.01,70
966,0.01,275
968,0.01,8
975,0.01,3
977,0.01,7
979,0.01,1
984,0.01,12
986,0.01,683
995,0.01,16
999,0.01,"2,027"
1000,0.01,194
1003,0.01,322
1004,0.01,6
1008,0.01,1
1010,0.01,4
1011,0.01,10
1014,0.01,"2,721"
1018,0.01,1
1035,0.01,465
1041,0.01,256
1042,0.01,50
1046,0.01,60
1053,0.01,9
1059,0.01,8
1065,0.01,3
1068,0.01,23
1071,0.01,2
1082,0.01,6
1084,0.01,40
1087,0.01,"1,602"
1096,0.01,4
1099,0.01,112
1101,0.01,1
1102,0.01,14
1105,0.01,8
1110,0.01,13
1112,0.01,57
1113,0.01,5
1118,0.01,17
1121,0.01,19
1123,0.01,48
1127,0.01,6
1128,0.01,4
1129,0.01,10
1134,0.01,33
1136,0.01,3
1146,0.01,683
1155,0.01,7
1163,0.01,1
1165,0.01,1
1171,0.01,12
1180,0.01,53
1184,0.01,1
1190,0.01,74
1192,0.01,15
1199,0.01,185
1204,0.01,85
1212,0.01,43
1222,0.01,302
1229,0.01,402
1230,0.01,3
1232,0.01,2
1238,0.01,59
1242,0.01,18
1244,0.01,683
1246,0.01,"1,333"
1256,0.01,4
1258,0.01,16
1259,0.01,4
1264,0.01,588
1266,0.01,1
1272,0.01,11
1278,0.01,"1,264"
1281,0.01,1
1288,0.01,1
1290,0.01,46
1310,0.01,59
1315,0.01,3
1320,0.01,12
1321,0.01,3
1322,0.01,902
1323,0.01,18
1331,0.01,1
1333,0.01,153
1335,0.01,1
1336,0.01,2
1337,0.01,6
1338,0.01,2
1341,0.01,53
1343,0.01,46
1345,0.01,1
1347,0.01,256
1349,0.01,2
1351,0.01,52
1352,0.01,33
1353,0.01,"1,861"
1354,0.01,30
1356,0.01,8
1359,0.01,6
1360,0.01,97
1363,0.01,8
1365,0.01,12
1369,0.01,4
1370,0.01,7
1371,0.01,18
1372,0.01,4
1377,0.01,66
1378,0.01,222
1380,0.01,2
1381,0.01,256
1383,0.01,126
1384,0.01,102
1387,0.01,4
1390,0.01,82
1391,0.01,245
1393,0.01,3
1394,0.01,2
1395,0.01,1
1396,0.01,540
1397,0.01,259
1399,0.01,1
1401,0.01,5
1405,0.01,51
1407,0.01,59
1409,0.01,12
1410,0.01,1
1411,0.01,50
1412,0.01,186
1415,0.01,7
1416,0.01,2
1424,0.01,2
1425,0.01,18
1427,0.01,25
1430,0.01,336
1431,0.01,33
1437,0.01,2
1439,0.01,7
1442,0.01,25
1444,0.01,1
1446,0.01,2
1449,0.01,343
1451,0.01,2
1453,0.01,610
1456,0.01,26
1459,0.01,1
1460,0.01,2
1461,0.01,1
1464,0.01,6
1467,0.01,53
1471,0.01,142
1472,0.01,2
1479,0.01,"1,861"
1481,0.01,140
1482,0.01,"2,721"
1483,0.01,18
1486,0.01,"2,098"
1487,0.01,40
1488,0.01,183
1491,0.01,1
1494,0.01,893
1498,0.01,112
1499,0.01,21
1503,0.01,386
1506,0.01,97
1507,0.01,51
1511,0.01,3
1514,0.01,24
1515,0.01,6
1517,0.01,2
1521,0.01,6
1523,0.01,30
1524,0.01,5
1525,0.01,337
1526,0.01,12
1527,0.01,129
1528,0.01,140
1535,0.01,18
1537,0.01,10
1539,0.01,56
1542,0.01,155
1544,0.01,8
1568,0.01,55
1569,0.01,3
1570,0.01,2
1571,0.01,270
1572,0.01,11
1573,0.01,6
1574,0.01,27
1581,0.01,4
1583,0.01,53
1584,0.01,6
1585,0.01,4
1589,0.01,331
1590,0.01,43
1591,0.01,8
1596,0.01,455
1597,0.01,646
1598,0.01,4
1611,0.01,74
1613,0.01,2
1622,0.01,851
1623,0.01,13
1625,0.01,6
1633,0.01,4
1635,0.01,1
1644,0.01,"1,246"
1648,0.01,519
1650,0.01,20
1651,0.01,3
1652,0.01,2
1656,0.01,35
1657,0.01,4
1658,0.01,8
1659,0.01,271
1661,0.01,"12,690"
1662,0.01,8
1663,0.01,"1,512"
1665,0.01,3
1673,0.01,1
1676,0.01,61
1678,0.01,2
1679,0.01,"1,016"
1680,0.01,"1,861"
1682,0.01,3
1687,0.01,"11,636"
1691,0.01,3
1698,0.01,16
1699,0.01,88
1712,0.01,9
1721,0.01,"1,861"
1722,0.01,"3,870"
1724,0.01,3
1727,0.01,9
1738,0.01,1
1740,0.01,53
1741,0.01,152
1745,0.01,185
1748,0.01,"1,990"
1750,0.01,23
1752,0.01,1
1754,0.01,8
1763,0.01,4
1771,0.01,195
1777,0.01,36
1779,0.01,128
1780,0.01,228
1791,0.01,2
1799,0.01,1
1800,0.01,"6,658"
1801,0.01,"2,967"
1805,0.01,1
1810,0.01,35
1813,0.01,33
1822,0.01,"55,719"
1828,0.01,316
1831,0.01,1
1832,0.01,"1,408"
1846,0.01,6
1851,0.01,"1,876"
1861,0.01,18
1863,0.01,28
1867,0.01,100
1877,0.01,7
1887,0.01,3
1901,0.01,4
1906,0.01,7
1913,0.01,53
1920,0.01,82
1924,0.01,11
1929,0.01,20
1934,0.01,4
1940,0.01,14
1941,0.01,13
1945,0.01,21
1950,0.01,"10,605"
1958,0.01,9
1972,0.01,302
1980,0.01,25
1982,0.01,3
1986,0.01,3
1988,0.01,4
1992,0.01,2
1993,0.01,1
1994,0.01,175
1997,0.01,216
1998,0.01,2
1999,0.01,140
2000,0.01,183
2002,0.01,24
2006,0.01,19
2007,0.01,4
2008,0.01,22
2010,0.01,8
2011,0.01,5
2014,0.01,4
2016,0.01,22
2017,0.01,4
2022,0.01,60
2023,0.01,33
2024,0.01,22
2025,0.01,6
2027,0.01,352
2029,0.01,8
2030,0.01,4
2032,0.01,3
2033,0.01,2
2035,0.01,4
2036,0.01,6
2043,0.01,350
2045,0.01,2
2052,0.01,1
2053,0.01,4
2057,0.01,26
2058,0.01,842
2067,0.01,"1,136"
2068,0.01,2
2076,0.01,9
2077,0.01,3
2080,0.01,"1,408"
2084,0.01,57
2086,0.01,33
2087,0.01,7
2089,0.01,80
2091,0.01,4
2092,0.01,2
2093,0.01,123
2094,0.01,992
2096,0.01,539
2097,0.01,86
2099,0.01,21
2101,0.01,1
2103,0.01,28
2110,0.01,515
2118,0.01,45
2119,0.01,"1,371"
2120,0.01,292
2121,0.01,6
2124,0.01,1
2125,0.01,1
2128,0.01,3
2132,0.01,28
2136,0.01,4
2138,0.01,2
2141,0.01,72
2148,0.01,94
2153,0.01,34
2156,0.01,24
2160,0.01,11
2163,0.01,2
2165,0.01,4
2166,0.01,10
2170,0.01,3
2171,0.01,523
2175,0.01,28
2179,0.01,"1,016"
2185,0.01,2
2187,0.01,39
2195,0.01,2
2198,0.01,"4,442"
2201,0.01,10
2203,0.01,40
2205,0.01,49
2210,0.01,2
2212,0.01,1
2217,0.01,3
2219,0.01,9
2223,0.01,210
2229,0.01,668
2240,0.01,48
2250,0.01,123
2251,0.01,38
2253,0.01,6
2262,0.01,11
2266,0.01,119
2268,0.01,8
2270,0.01,599
2274,0.01,4
2280,0.01,45
2283,0.01,12
2285,0.01,23
2287,0.01,"1,861"
2288,0.01,25
2289,0.01,1
2292,0.01,45
2301,0.01,12
2302,0.01,8
2304,0.01,6
2309,0.01,899
2311,0.01,15
2316,0.01,4
2319,0.01,20
2330,0.01,115
2333,0.01,136
2336,0.01,2
2341,0.01,679
2342,0.01,"1,333"
2352,0.01,1
2358,0.01,33
2359,0.01,2
2362,0.01,53
2365,0.01,3
2366,0.01,54
2369,0.01,1
2370,0.01,137
2373,0.01,"1,861"
2378,0.01,1
2382,0.01,"1,408"
2385,0.01,"1,546"
2391,0.01,3
2392,0.01,4
2398,0.01,22
2399,0.01,1
2404,0.01,54
2406,0.01,"2,721"
2410,0.01,9
2418,0.01,13
2421,0.01,20
2422,0.01,2
2424,0.01,18
2427,0.01,"2,647"
2432,0.01,4
2436,0.01,141
2443,0.01,12
2444,0.01,175
2445,0.01,10
2447,0.01,6
2448,0.01,140
2450,0.01,4
2462,0.01,2
2465,0.01,10
2466,0.01,"1,760"
2468,0.01,"1,861"
2470,0.01,11
2472,0.01,50
2473,0.01,4
2479,0.01,7
2482,0.01,69
2489,0.01,55
2496,0.01,9
2502,0.01,1
2517,0.01,1
2521,0.01,31
2524,0.01,122
2526,0.01,777
2527,0.01,8
2535,0.01,343
2536,0.01,44
2539,0.01,825
2548,0.01,60
2552,0.01,1
2560,0.01,2
2563,0.01,3
2573,0.01,89
2580,0.01,30
2581,0.01,13
2589,0.01,"19,158"
2593,0.01,30
2599,0.01,32
2600,0.01,1
2601,0.01,18
2605,0.01,33
2611,0.01,6
2616,0.01,"3,347"
2620,0.01,38
2622,0.01,258
2626,0.01,3
2627,0.01,"2,442"
2632,0.01,1
2637,0.01,141
2638,0.01,5
2640,0.01,1
2643,0.01,1
2647,0.01,12
2648,0.01,546
2649,0.01,1
2652,0.01,3
2653,0.01,11
2655,0.01,1
2656,0.01,4
2657,0.01,15
2658,0.01,1
2661,0.01,3
2662,0.01,32
2665,0.01,1
2669,0.01,4
2671,0.01,1
2672,0.01,19
2673,0.01,21
2675,0.01,8
2678,0.01,122
2679,0.01,8
2681,0.01,2
2683,0.01,7
2687,0.01,8
2689,0.01,1
2692,0.01,99
2694,0.01,"1,011"
2695,0.01,3
2697,0.01,2
2699,0.01,8
2700,0.01,1
2705,0.01,21
2708,0.01,27
2711,0.01,4
2717,0.01,1
2719,0.01,1
2721,0.01,2
2725,0.01,4
2730,0.01,6
2731,0.01,893
2734,0.01,9
2736,0.01,2
2737,0.01,74
2739,0.01,16
2740,0.01,1
2741,0.01,1
2746,0.01,3
2747,0.01,2
2748,0.01,2
2753,0.01,"1,016"
2755,0.01,144
2756,0.01,1
2759,0.01,2
2764,0.01,24
2765,0.01,5
2767,0.01,511
2769,0.01,6
2770,0.01,2
2772,0.01,5
2775,0.01,56
2783,0.01,3
2786,0.01,2
2787,0.01,10
2790,0.01,2
2791,0.01,"1,861"
2802,0.01,2
2803,0.01,317
2805,0.01,2
2808,0.01,"1,762"
2809,0.01,"1,576"
2810,0.01,5
2811,0.01,2
2813,0.01,"1,634"
2814,0.01,9
2815,0.01,1
2816,0.01,22
2817,0.01,8
2820,0.01,1
2828,0.01,2
2829,0.01,"1,861"
2834,0.01,21
2838,0.01,3
2840,0.01,"2,721"
2844,0.01,4
2845,0.01,206
2846,0.01,26
2847,0.01,74
2850,0.01,1
2860,0.01,6
2862,0.01,40
2865,0.01,39
2871,0.01,1
2872,0.01,140
2876,0.01,2
2878,0.01,2
2879,0.01,1
2883,0.01,94
2890,0.01,60
2891,0.01,1
2892,0.01,"1,861"
2896,0.01,2
2898,0.01,11
2901,0.01,8
2903,0.01,13
2912,0.01,3
2913,0.01,2
2916,0.01,176
2924,0.01,5
2926,0.01,16
2927,0.01,94
2928,0.01,1
2929,0.01,1
2931,0.01,4
2934,0.01,"4,442"
2935,0.01,28
2938,0.01,70
2942,0.01,2
2945,0.01,36
2952,0.01,4
2956,0.01,1
2964,0.01,23
2967,0.01,1
2970,0.01,101
2973,0.01,11
2977,0.01,6
2979,0.01,1
2980,0.01,8
2985,0.01,7
2991,0.01,21
2997,0.01,3
3005,0.01,24
3007,0.01,210
3008,0.01,152
3010,0.01,1
3016,0.01,6
3017,0.01,437
3035,0.01,140
3038,0.01,15
3040,0.01,25
3045,0.01,193
3048,0.01,"11,636"
3054,0.01,40
3057,0.01,1
3058,0.01,10
3059,0.01,205
3071,0.01,673
3072,0.01,852
3073,0.01,2
3077,0.01,5
3078,0.01,"8,463"
3092,0.01,410
3097,0.01,12
3100,0.01,8
3104,0.01,3
3108,0.01,"1,805"
3114,0.01,2
3117,0.01,6
3121,0.01,101
3126,0.01,2
3130,0.01,98
3133,0.01,1
3136,0.01,99
3138,0.01,20
3140,0.01,33
3146,0.01,61
3150,0.01,"1,360"
3155,0.01,1
3156,0.01,43
3158,0.01,2
3160,0.01,70
3167,0.01,693
3168,0.01,143
3169,0.01,2
3171,0.01,4
3172,0.01,25
3173,0.01,"1,861"
3175,0.01,50
3176,0.01,2
3179,0.01,589
3181,0.01,44
3184,0.01,6
3187,0.01,18
3194,0.01,"3,038"
3195,0.01,2
3197,0.01,63
3200,0.01,4
3210,0.01,36
3217,0.01,4
3221,0.01,4
3224,0.01,14
3231,0.01,500
3234,0.01,190
3236,0.01,17
3238,0.01,238
3261,0.01,48
3263,0.01,69
3276,0.01,2
3281,0.01,24
3283,0.01,2
3286,0.01,302
3298,0.01,674
5,0.02,3
9,0.02,25
30,0.02,"17,760"
39,0.02,120
47,0.02,6
58,0.02,50
59,0.02,48
63,0.02,4
68,0.02,6
92,0.02,24
101,0.02,1
103,0.02,60
108,0.02,192
112,0.02,96
113,0.02,120
132,0.02,28
140,0.02,8
148,0.02,8
164,0.02,40
171,0.02,38
179,0.02,26
181,0.02,"5,100"
202,0.02,20
207,0.02,16
224,0.02,15
234,0.02,"5,120"
239,0.02,144
280,0.02,"5,307"
284,0.02,180
302,0.02,20
306,0.02,321
314,0.02,1
317,0.02,95
325,0.02,"1,058"
331,0.02,6
340,0.02,24
346,0.02,15
354,0.02,16
396,0.02,37
441,0.02,"2,839"
467,0.02,8
505,0.02,"1,680"
527,0.02,266
551,0.02,1
562,0.02,28
578,0.02,"101,650,432"
614,0.02,43
685,0.02,56
689,0.02,48
692,0.02,40
700,0.02,2
708,0.02,18
709,0.02,3
719,0.02,1
721,0.02,"4,726"
732,0.02,"6,224"
744,0.02,2
767,0.02,"5,307"
784,0.02,12
786,0.02,716
795,0.02,"64,292"
808,0.02,756
825,0.02,147
833,0.02,120
877,0.02,266
897,0.02,6
902,0.02,417
913,0.02,"1,872"
935,0.02,24
937,0.02,37
944,0.02,18
964,0.02,1
967,0.02,134
991,0.02,2
1001,0.02,1
1006,0.02,472
1017,0.02,"32,832"
1066,0.02,109
1069,0.02,258
1143,0.02,"5,307"
1145,0.02,371
1187,0.02,"4,232"
1203,0.02,37
1214,0.02,"1,239"
1355,0.02,24
1357,0.02,8
1362,0.02,60
1364,0.02,3
1373,0.02,44
1374,0.02,4
1392,0.02,"36,456"
1403,0.02,3
1432,0.02,3
1433,0.02,5
1473,0.02,"4,073"
1476,0.02,2
1478,0.02,2
1484,0.02,12
1505,0.02,486
1540,0.02,2
1541,0.02,14
1556,0.02,70
1558,0.02,648
1559,0.02,132
1562,0.02,18
1601,0.02,22
1627,0.02,"5,954"
1684,0.02,41
1695,0.02,"1,067"
1704,0.02,2
1756,0.02,2
1759,0.02,1
1789,0.02,2
1809,0.02,189
1823,0.02,719
1830,0.02,"1,360"
1855,0.02,24
1864,0.02,73
1870,0.02,"1,102"
1883,0.02,"298,452"
1899,0.02,4
1926,0.02,1
1954,0.02,"4,622"
1957,0.02,"243,950"
1963,0.02,826
1977,0.02,15
1981,0.02,52
1985,0.02,46
1996,0.02,288
2004,0.02,54
2019,0.02,117
2038,0.02,15
2049,0.02,27
2056,0.02,558
2063,0.02,6
2066,0.02,15
2070,0.02,59
2071,0.02,"2,580"
2090,0.02,18
2098,0.02,504
2137,0.02,"2,241"
2143,0.02,105
2145,0.02,"3,124"
2158,0.02,12
2196,0.02,1
2199,0.02,128
2200,0.02,2
2218,0.02,24
2221,0.02,3
2245,0.02,986
2272,0.02,5
2303,0.02,"1,313"
2306,0.02,510
2325,0.02,56
2327,0.02,3
2355,0.02,20
2400,0.02,"3,190"
2414,0.02,255
2434,0.02,"6,845"
2484,0.02,5
2537,0.02,9
2621,0.02,78
2641,0.02,48
2644,0.02,"38,544"
2668,0.02,40
2712,0.02,121
2732,0.02,2
2743,0.02,12
2826,0.02,4
2835,0.02,2
2839,0.02,119
2853,0.02,8
2857,0.02,1
2868,0.02,68
2881,0.02,"5,307"
2930,0.02,740
2974,0.02,"5,307"
2996,0.02,"19,676"
3075,0.02,907
3076,0.02,4
3096,0.02,140
3103,0.02,12
3106,0.02,12
3137,0.02,276
3161,0.02,508
3227,0.02,1
3249,0.02,"4,661"
3273,0.02,7
3297,0.02,"10,874"
2,0.03,1
4,0.03,2
12,0.03,2
27,0.03,16
32,0.03,"53,499"
33,0.03,45
50,0.03,44
55,0.03,3
80,0.03,40
82,0.03,24
91,0.03,200
143,0.03,46
152,0.03,361
161,0.03,18
166,0.03,112
192,0.03,2
235,0.03,972
266,0.03,1
275,0.03,18
285,0.03,1
303,0.03,728
321,0.03,"25,740"
372,0.03,486
416,0.03,16
424,0.03,2
509,0.03,2
623,0.03,229
627,0.03,28
644,0.03,"3,894,720"
655,0.03,5
686,0.03,6
690,0.03,212
699,0.03,2
701,0.03,"1,764"
711,0.03,60
718,0.03,312
765,0.03,15
768,0.03,"1,196"
779,0.03,16
781,0.03,"16,923"
813,0.03,4
827,0.03,"1,256"
832,0.03,200
883,0.03,"700,800"
971,0.03,26
973,0.03,324
981,0.03,"645,119"
997,0.03,104
1019,0.03,"17,424"
1020,0.03,1
1023,0.03,235
1057,0.03,78
1064,0.03,"2,477"
1074,0.03,648
1090,0.03,32
1131,0.03,"22,836"
1208,0.03,69
1332,0.03,64
1375,0.03,12
1379,0.03,36
1408,0.03,"114,411"
1423,0.03,"40,896"
1429,0.03,150
1474,0.03,1
1495,0.03,960
1519,0.03,18
1557,0.03,536
1594,0.03,"2,764"
1631,0.03,368
1688,0.03,"7,255,800"
1732,0.03,48
1772,0.03,2
1905,0.03,"11,212"
1961,0.03,67
1984,0.03,30
1989,0.03,504
2001,0.03,432
2020,0.03,42
2060,0.03,3
2064,0.03,1
2116,0.03,62
2147,0.03,12
2150,0.03,"1,652"
2164,0.03,24
2172,0.03,84
2233,0.03,"315,520"
2331,0.03,119
2349,0.03,547
2371,0.03,40
2420,0.03,840
2514,0.03,48
2558,0.03,1
2586,0.03,8
2646,0.03,40
2666,0.03,8
2674,0.03,896
2676,0.03,32
2677,0.03,768
2691,0.03,913
2696,0.03,64
2701,0.03,40
2751,0.03,8
2785,0.03,"11,879"
2875,0.03,20
2894,0.03,126
2899,0.03,2
2919,0.03,4
2932,0.03,324
2993,0.03,"1,158"
3214,0.03,1
3246,0.03,"1,070,880"
3272,0.03,60
0,0.04,2
38,0.04,30
97,0.04,840
134,0.04,560
167,0.04,480
226,0.04,181
241,0.04,159
263,0.04,3
352,0.04,48
359,0.04,73
409,0.04,4
414,0.04,"3,392"
419,0.04,"2,280"
440,0.04,"2,411"
448,0.04,8
545,0.04,112
695,0.04,"4,200"
698,0.04,720
712,0.04,96
713,0.04,"1,296"
745,0.04,192
746,0.04,144
756,0.04,72
757,0.04,90
762,0.04,"7,200"
847,0.04,9
878,0.04,96
882,0.04,"4,144"
899,0.04,240
947,0.04,15
970,0.04,99
996,0.04,316
1007,0.04,38
1045,0.04,"70,560"
1052,0.04,72
1088,0.04,187
1160,0.04,1
1173,0.04,9
1346,0.04,"61,824"
1366,0.04,216
1420,0.04,81
1485,0.04,284
1516,0.04,8
1565,0.04,44
1577,0.04,909
1669,0.04,"1,444,320"
1711,0.04,"2,904"
1718,0.04,72
1755,0.04,"57,600"
1841,0.04,44
1914,0.04,80
1952,0.04,4
2013,0.04,8
2061,0.04,294
2062,0.04,450
2095,0.04,"113,400"
2182,0.04,"3,780"
2197,0.04,170
2243,0.04,288
2457,0.04,416
2485,0.04,"3,280"
2493,0.04,2
2587,0.04,27
2660,0.04,8
2664,0.04,"13,788"
2685,0.04,8
2693,0.04,18
2698,0.04,"13,860"
2728,0.04,124
2749,0.04,"8,640"
2778,0.04,320
2794,0.04,"2,626"
2906,0.04,32
2911,0.04,"1,900"
2915,0.04,"29,536"
2988,0.04,828
3056,0.04,571
3244,0.04,"18,396"
3257,0.04,570
3274,0.04,270
23,0.05,135
45,0.05,"174,734"
356,0.05,98
617,0.05,37
729,0.05,128
775,0.05,"1,152"
1122,0.05,832
1170,0.05,34
1213,0.05,5
1225,0.05,485
1280,0.05,"2,484"
1340,0.05,24
1421,0.05,3
1470,0.05,108
1480,0.05,"562,176"
1647,0.05,"21,645"
1708,0.05,"1,250"
1776,0.05,147
1798,0.05,12
1860,0.05,5
1917,0.05,"87,480"
2082,0.05,24
2113,0.05,202
2193,0.05,552
2230,0.05,1
2248,0.05,85
2279,0.05,"1,026,672"
2305,0.05,"600,368"
2390,0.05,"13,986"
2726,0.05,8
2763,0.05,1
2994,0.05,188
3011,0.05,1
3148,0.05,887
24,0.06,"18,234"
51,0.06,"239,616"
173,0.06,2
413,0.06,"164,025"
564,0.06,26
815,0.06,64
905,0.06,455
912,0.06,114
928,0.06,5
957,0.06,"18,912"
1026,0.06,2
1287,0.06,"2,448"
1445,0.06,12
1463,0.06,9
1538,0.06,20
1545,0.06,"2,205"
1555,0.06,1
1696,0.06,797
1728,0.06,"1,920"
1849,0.06,120
1919,0.06,273
2015,0.06,"4,080"
2159,0.06,"21,141"
2269,0.06,"1,680"
2506,0.06,4
2724,0.06,720
2745,0.06,88
2768,0.06,"2,512"
2798,0.06,160
2807,0.06,"88,662"
2975,0.06,24
3024,0.06,1
3253,0.06,56
73,0.07,944
94,0.07,"47,520"
186,0.07,2
233,0.07,"3,776"
255,0.07,767
282,0.07,140
343,0.07,15
369,0.07,"9,650"
472,0.07,"222,300"
556,0.07,14
592,0.07,8
645,0.07,1
941,0.07,"74,939,634"
951,0.07,"108,675"
969,0.07,"9,786"
1194,0.07,"2,195"
1285,0.07,139
1300,0.07,21
1367,0.07,"24,000"
1435,0.07,"8,709,120"
1599,0.07,100
1692,0.07,1
1775,0.07,"54,991,180"
1888,0.07,"1,270"
2037,0.07,"2,463,120"
2039,0.07,"576,000"
2294,0.07,1
2546,0.07,42
2549,0.07,1
2596,0.07,3
2690,0.07,160
2848,0.07,"12,708"
3091,0.07,6
257,0.08,92
338,0.08,1
350,0.08,320
544,0.08,8
566,0.08,"9,408"
814,0.08,"1,098"
822,0.08,128
862,0.08,843
1119,0.08,10
1275,0.08,106
1522,0.08,"1,920"
1592,0.08,"4,656"
1671,0.08,"18,870,842,880"
1693,0.08,210
1850,0.08,2
1956,0.08,"12,510"
2134,0.08,67
2191,0.08,4
2291,0.08,709
2357,0.08,622
2684,0.08,"3,840"
2686,0.08,192
2780,0.08,"1,242"
3044,0.08,219
3080,0.08,"1,027"
3202,0.08,1
3222,0.08,728
246,0.09,804
619,0.09,"1,730"
839,0.09,"3,160"
1021,0.09,761
1438,0.09,48
1560,0.09,1
1587,0.09,38
1638,0.09,"482,372"
1723,0.09,1
1770,0.09,"5,904"
1778,0.09,2
1845,0.09,600
1856,0.09,43
2048,0.09,63
2140,0.09,"88,473,600"
2216,0.09,57
2452,0.09,"424,710"
2588,0.09,466
2837,0.09,12
2954,0.09,266
2969,0.09,60
3093,0.09,228
402,0.1,28
559,0.1,"403,806"
776,0.1,"4,856"
800,0.1,"4,944"
816,0.1,322
1215,0.1,627
1274,0.1,159
1612,0.1,732
1654,0.1,324
1672,0.1,"1,331"
1915,0.1,"4,025"
2078,0.1,"1,051,680"
2155,0.1,"48,936,960"
2234,0.1,16
2490,0.1,128
2530,0.1,820
2650,0.1,"108,000"
2716,0.1,1
2858,0.1,"9,594"
2886,0.1,150
3193,0.1,94
105,0.11,2
330,0.11,17
405,0.11,610
1168,0.11,"146,520"
1317,0.11,"50,442"
1543,0.11,60
1715,0.11,543
1827,0.11,14
1894,0.11,"14,739"
1969,0.11,36
2271,0.11,270
2286,0.11,585
2346,0.11,691
2513,0.11,39
2531,0.11,"5,500"
2544,0.11,46
2841,0.11,101
2995,0.11,"9,656"
3262,0.11,10
358,0.12,"249,912"
362,0.12,459
501,0.12,"33,441"
547,0.12,96
552,0.12,329
580,0.12,"1,606"
866,0.12,12
910,0.12,590
972,0.12,180
1081,0.12,"695,682"
1207,0.12,1
1306,0.12,284
1458,0.12,"1,256"
1490,0.12,9
1757,0.12,"86,115"
1872,0.12,2
1909,0.12,27
1928,0.12,885
2258,0.12,187
2413,0.12,4
2415,0.12,"1,008"
2451,0.12,571
2680,0.12,"376,233,984"
2963,0.12,4
3027,0.12,168
3031,0.12,1
196,0.13,"1,084"
393,0.13,8
408,0.13,"23,744"
565,0.13,"3,828"
653,0.13,60
1135,0.13,3
1176,0.13,"171,990"
1536,0.13,972
2041,0.13,399
2321,0.13,4
2525,0.13,174
2758,0.13,10
3042,0.13,48
3087,0.13,1
154,0.14,2
183,0.14,327
283,0.14,128
361,0.14,178
432,0.14,886
434,0.14,408
480,0.14,2
517,0.14,"71,916"
651,0.14,"4,940"
1031,0.14,642
1299,0.14,"46,238"
1825,0.14,"1,530"
2108,0.14,7
2275,0.14,"1,134,144"
2317,0.14,115
2339,0.14,"17,421"
2488,0.14,435
2607,0.14,50
2885,0.14,5
3074,0.14,366
3291,0.14,30
231,0.15,51
256,0.15,244
269,0.15,9
430,0.15,11
579,0.15,690
856,0.15,961
1144,0.15,"3,586"
1221,0.15,84
1270,0.15,827
1303,0.15,6
1551,0.15,901
1554,0.15,1
1630,0.15,1
1645,0.15,300
1797,0.15,193
2213,0.15,"2,433,024,000"
2237,0.15,"144,816"
2353,0.15,4
2940,0.15,"29,552"
3086,0.15,"1,202"
3239,0.15,32
3271,0.15,"1,065,000"
307,0.16,57
355,0.16,1
507,0.16,3
641,0.16,136
1400,0.16,408
1534,0.16,"30,618"
1575,0.16,14
1833,0.16,366
1868,0.16,90
2192,0.16,288
2314,0.16,1
2384,0.16,"2,496"
2439,0.16,"4,736,618"
2529,0.16,317
2757,0.16,65
3230,0.16,"1,080"
259,0.17,"11,653"
390,0.17,192
915,0.17,2
987,0.17,"140,000"
1100,0.17,147
1151,0.17,129
1164,0.17,"149,440"
1182,0.17,"12,420"
1733,0.17,"84,444"
1806,0.17,"7,152"
2401,0.17,"46,440"
2633,0.17,"1,832"
2884,0.17,"2,856"
3292,0.17,"6,627,264"
585,0.18,"1,120"
918,0.18,117
1055,0.18,"1,770"
1078,0.18,367
1578,0.18,"121,296"
1624,0.18,11
1636,0.18,800
1834,0.18,"4,368,728,500"
1971,0.18,"1,057"
2123,0.18,672
2154,0.18,368
2575,0.18,434
3066,0.18,"362,228"
452,0.19,"6,218"
1251,0.19,"13,974,800"
1254,0.19,883
2431,0.19,18
2617,0.19,"1,311"
2795,0.19,"34,372"
2984,0.19,1
3157,0.19,4
3190,0.19,"25,805"
205,0.2,1
376,0.2,"9,715"
843,0.2,"1,250,536,320"
1602,0.2,"400,960"
1653,0.2,"25,764"
1862,0.2,"6,107"
2925,0.2,96
3068,0.2,"1,710"
3111,0.2,1
3293,0.2,16
344,0.21,684
574,0.21,11
589,0.21,120
659,0.21,"2,155,460"
1161,0.21,178
1600,0.21,"129,440"
1858,0.21,42
1916,0.21,"508,032"
2459,0.21,1
2545,0.21,"14,839"
2818,0.21,200
3023,0.21,39
491,0.22,3
846,0.22,"2,153"
2207,0.22,21
2228,0.22,"1,288"
2328,0.22,"15,624"
2604,0.22,"314,334"
3037,0.22,6
3235,0.22,"7,753,200"
245,0.23,5
473,0.23,"19,440"
481,0.23,"3,058"
826,0.23,32
2188,0.23,6
2226,0.23,2
2407,0.23,17
2812,0.23,46
2832,0.23,362
3279,0.23,62
378,0.24,"43,200"
1774,0.24,64
1953,0.24,"2,988"
2194,0.24,"1,108"
3107,0.24,158
859,0.25,212
3151,0.25,"76,076"
341,0.26,10
406,0.26,456
427,0.26,558
887,0.26,"1,713,230"
1818,0.26,"1,518"
2055,0.26,"2,404,640"
2284,0.26,"19,459"
2983,0.26,930
3018,0.26,"1,692"
3208,0.26,1
3216,0.26,"6,426"
634,0.27,"2,644"
657,0.27,588
1719,0.27,309
1889,0.27,"2,356,280"
1893,0.27,"185,941"
2582,0.27,230
2800,0.27,75
383,0.28,23
1058,0.28,"2,396"
1104,0.28,4
1148,0.28,12
1520,0.28,84
1946,0.28,"1,172"
1966,0.28,74
1973,0.28,"68,480"
2461,0.28,418
2510,0.28,"27,360"
2870,0.28,214
157,0.29,28
184,0.29,168
209,0.29,"7,242"
211,0.29,"540,940,680"
446,0.29,"366,203"
1130,0.29,72
1614,0.29,"4,527,576"
1735,0.29,"822,103"
2387,0.29,12
100,0.3,66
1197,0.3,"428,672"
1549,0.3,"75,715,584"
1694,0.3,"4,020"
1932,0.3,1
2639,0.3,"164,640"
2867,0.3,4
2889,0.3,"6,764"
2941,0.3,4
3255,0.3,"204,360"
3290,0.3,"1,122"
463,0.31,"817,769,088"
535,0.31,819
1132,0.31,24
1497,0.31,160
1607,0.31,1
1878,0.31,"1,592,340"
1970,0.31,"265,264"
2161,0.31,3
2377,0.31,252
2403,0.31,"32,967"
2623,0.31,"3,132"
2918,0.31,"44,062"
3141,0.31,6
530,0.32,296
1209,0.32,"22,602,240"
1717,0.32,"1,115"
1965,0.32,6
2126,0.32,592
2307,0.32,8
2542,0.32,"15,359"
2821,0.32,144
3001,0.32,59
216,0.33,"2,894"
791,0.33,137
1061,0.33,4
1550,0.33,576
1567,0.33,"22,698,390"
1840,0.33,"7,556,516"
1881,0.33,380
3116,0.33,7
1115,0.34,327
1201,0.34,5
2323,0.34,85
2591,0.34,"13,078,996"
3014,0.34,"4,939,056"
3102,0.34,2
458,0.35,"74,606"
1226,0.35,1
1318,0.35,"13,308"
2598,0.35,"450,086"
2937,0.35,"1,102"
518,0.36,"3,840"
607,0.36,855
635,0.36,8
1787,0.36,48
1857,0.36,"39,329,598"
2394,0.36,14
2781,0.36,"20,246,382,000"
3109,0.36,"7,950"
349,0.37,"4,968"
2220,0.37,42
3050,0.37,18
3189,0.37,"1,144"
3277,0.37,"48,300"
650,0.38,"80,122,392"
824,0.38,30
1153,0.38,"29,991"
1279,0.38,"18,111"
1760,0.38,"24,364"
2476,0.38,"2,546"
1666,0.39,3
297,0.4,3
594,0.4,"1,019,608"
1305,0.4,1
1762,0.4,"23,640"
2308,0.4,"6,612"
2966,0.4,"580,992"
428,0.41,"9,153,720"
1077,0.41,"15,131"
1231,0.41,"8,307"
2561,0.41,60
3062,0.41,"743,430"
3225,0.41,195
907,0.42,268
1054,0.42,"1,207"
1089,0.42,"265,764"
1248,0.42,"7,939,550"
1737,0.42,2
276,0.43,"23,185"
2565,0.43,"293,737"
2709,0.43,"27,144"
2830,0.43,"1,671"
640,0.44,"2,496"
1792,0.44,"2,816"
2735,0.44,160
3047,0.44,"1,440"
3064,0.44,"1,640"
3295,0.44,"21,169,826"
444,0.45,224
531,0.45,"29,744"
956,0.45,3
2958,0.45,"11,100"
3046,0.45,763
200,0.46,2
2595,0.46,426
1685,0.47,"15,069"
2256,0.47,756
445,0.48,153
1193,0.48,646
748,0.49,9
2859,0.49,"6,750"
1255,0.5,3
2364,0.5,3
2782,0.5,"1,411,200"
219,0.51,3
804,0.51,"140,679"
1879,0.51,"4,350"
2246,0.51,172
2559,0.51,"483,250"
1284,0.52,"1,140"
1450,0.52,"109,786"
3115,0.52,624
404,0.53,80
412,0.53,30
2211,0.53,"115,728"
2922,0.53,"1,176"
2986,0.53,"2,016"
2998,0.53,"2,106"
3205,0.53,"9,876"
573,0.54,"1,586"
1852,0.54,"5,372,580"
2326,0.54,177
193,0.55,"18,864"
438,0.55,"3,528"
581,0.55,"1,752"
802,0.55,1
1475,0.55,42
2386,0.55,4
526,0.56,"6,608"
1072,0.56,"1,586"
1125,0.56,"1,392"
1150,0.56,"4,087"
2477,0.56,22
2939,0.56,"1,606,752"
3250,0.56,243
1670,0.57,995
1795,0.57,832
260,0.58,"2,232"
468,0.58,54
873,0.58,"1,605"
946,0.58,"53,100"
504,0.59,"9,214,035"
1195,0.59,"2,866"
3123,0.59,18
622,0.6,338
726,0.6,"9,792"
881,0.6,4
1273,0.6,12
1689,0.6,41
1734,0.6,"106,256"
2249,0.6,"7,047"
3028,0.6,42
3036,0.6,"12,452"
294,0.61,"2,925"
834,0.61,"14,307,840"
1276,0.61,"4,835"
1709,0.61,804
2074,0.61,"1,615"
277,0.62,4
1103,0.62,784
1293,0.62,84
2083,0.62,"60,450"
2519,0.62,"351,953,184"
391,0.63,366
1643,0.63,"9,690"
3049,0.63,580
1047,0.64,512
1447,0.64,396
1767,0.64,7
2261,0.65,"29,260"
3144,0.65,111
586,0.66,14
2438,0.66,"171,957"
2533,0.66,"14,849"
2910,0.66,"1,482,458,477,617,150"
3142,0.66,"1,878,288"
476,0.67,110
959,0.67,160
1029,0.67,"2,794"
1277,0.67,"3,345"
3288,0.67,"22,825"
460,0.68,180
1265,0.68,"5,054"
1298,0.68,"519,552"
2426,0.68,"2,160"
3013,0.68,"2,353"
178,0.69,"67,767,282"
3084,0.69,"4,119"
2630,0.7,"6,879,954,644"
3201,0.7,"38,134"
1314,0.71,"13,410"
1910,0.71,"6,054"
2278,0.71,"1,446,660"
3051,0.71,"85,985"
1500,0.72,"9,188"
2135,0.72,"16,090"
2281,0.72,880
2982,0.72,"22,544"
598,0.73,"26,341,222,950"
1005,0.73,"213,444"
2866,0.73,"4,068,900"
368,0.74,"7,734"
486,0.74,"17,049"
2374,0.74,294
940,0.75,23
1319,0.75,"4,041,556"
1746,0.75,180
2571,0.75,"10,987,444,260"
240,0.76,"1,674"
2456,0.77,"8,912"
395,0.78,"4,704"
2393,0.78,"252,396"
2503,0.78,"10,878"
2796,0.79,"6,396"
3129,0.79,"3,177,060"
595,0.81,558
3180,0.81,160
1492,0.82,"39,051"
1646,0.82,"34,290"
1871,0.82,"5,468"
1892,0.82,22
3215,0.82,"2,976,480"
514,0.83,"4,668"
1628,0.83,"3,116"
3112,0.83,"174,915"
3159,0.84,"4,231,283"
955,0.85,"1,656,200"
1742,0.85,"374,655,960"
2065,0.85,"1,372"
3020,0.85,"218,240"
1398,0.86,686
2976,0.86,10
3041,0.86,"57,120"
1739,0.87,"1,475,143,488"
3025,0.87,"15,347"
654,0.88,"1,792"
1175,0.88,"2,388"
3278,0.88,18
534,0.89,3
1245,0.89,108
974,0.9,"735,896"
1237,0.9,"162,812,138"
2902,0.9,4
1183,0.91,"1,980"
1250,0.91,"660,396"
1249,0.92,"16,611"
1773,0.92,"8,553"
2202,0.92,6
658,0.93,"1,019,824,997"
725,0.93,75
950,0.93,"18,249"
2507,0.93,"419,720,400"
3082,0.93,"16,590"
2419,0.94,146
2827,0.94,466
2981,0.94,"7,395"
3162,0.94,"5,080,320"
636,0.95,"2,413"
755,0.96,"42,660"
2332,0.96,"1,630"
2335,0.96,"1,916,460"
1729,0.97,108
2236,0.97,734
2554,0.97,"4,892"
2999,0.97,"299,250"
519,0.98,"446,542"
1508,0.98,9
1725,0.98,"104,370"
496,0.99,"6,074"
1316,0.99,"53,841,528"
1283,1,"102,099,080"
1866,1,"5,142"
2920,1,"25,392"
3095,1,16
3206,1,"75,262"
2784,1.01,878
1853,1.02,"144,531,000"
521,1.03,"838,080"
609,1.03,"3,293"
1243,1.04,"4,416"
1976,1.04,"433,835,600"
2475,1.04,"6,590,085,856"
2852,1.04,"558,250"
1847,1.08,"54,432"
2880,1.08,"31,953,285"
3185,1.08,"222,604"
2480,1.09,"3,765,643,460,727"
3081,1.09,120
1111,1.1,"10,006"
1766,1.1,"9,828"
1936,1.1,"17,294"
1948,1.1,"62,265,591"
2181,1.1,63
2397,1.1,2
3174,1.1,64
553,1.11,12
1703,1.11,"2,658,240"
2453,1.11,"86,306,760"
1218,1.12,"2,513"
1641,1.12,"2,873"
1869,1.13,"613,007"
2389,1.13,2
289,1.14,"59,492"
1179,1.14,753
1626,1.14,"4,245"
1731,1.14,290
2146,1.14,"87,642"
590,1.15,152
831,1.15,600
2111,1.15,"67,970"
2276,1.15,"421,731"
1043,1.16,30
1454,1.16,"3,027"
153,1.17,"8,008"
583,1.17,"69,498"
1713,1.18,"27,690"
2162,1.18,56
2762,1.18,24
1848,1.19,14
2877,1.21,"12,546"
469,1.22,"70,082"
2481,1.22,"3,025"
2464,1.23,"20,129"
601,1.24,686
1907,1.24,108
3132,1.24,"199,809"
571,1.25,"9,162"
2411,1.27,"1,581,120"
2946,1.27,"2,498"
1552,1.28,"79,876,981,094,400"
1908,1.28,"10,732,329,160"
2592,1.28,"5,365"
3143,1.28,"2,197"
3203,1.28,"3,039"
2819,1.29,216
2957,1.3,178
561,1.31,179
569,1.31,"37,717,440"
2149,1.31,426
286,1.32,"394,632"
2127,1.32,680
2541,1.32,"4,950"
2631,1.32,284
1736,1.33,"208,564"
1239,1.34,"130,720"
2295,1.34,"8,656"
1009,1.35,60
1765,1.35,"1,734,230"
2856,1.35,"44,292,096"
3240,1.36,"32,201"
3085,1.37,"114,912"
1211,1.38,74
1227,1.38,"14,927,895"
1388,1.38,"8,160"
1608,1.38,"104,960"
2569,1.38,"4,968"
656,1.39,10
983,1.39,112
2206,1.39,"4,704"
2804,1.39,"11,912,544,000"
916,1.4,"4,793"
2577,1.41,"5,280"
1837,1.42,"14,438"
2625,1.42,148
1260,1.43,"60,960"
1955,1.43,"2,996"
2345,1.43,"15,287"
2441,1.43,"16,840"
1198,1.44,"53,704,443,112,320"
1769,1.44,"15,042"
2574,1.44,333
3280,1.44,"265,264"
2204,1.46,486
2909,1.46,"30,355"
1812,1.47,173
1890,1.47,"5,700"
3153,1.47,16
2455,1.48,"311,040"
980,1.49,"13,464"
322,1.5,"4,480"
1619,1.5,"123,653,376"
2396,1.5,738
2227,1.51,"27,216"
1247,1.52,"5,266"
1603,1.52,"3,022"
2869,1.52,"7,320"
1854,1.53,"4,023"
1086,1.55,"283,500"
2923,1.55,806
1253,1.56,"445,680"
2380,1.56,"6,324"
2628,1.57,"37,914"
1107,1.58,"2,688"
1191,1.58,"12,948"
1811,1.58,"156,366"
461,1.59,"141,120"
2590,1.59,"71,280"
809,1.61,"2,331"
3207,1.61,"170,576"
1533,1.62,100
2383,1.62,"89,445"
884,1.63,"7,015,131,208"
2312,1.64,"120,900"
475,1.65,"57,787,280"
1808,1.65,"7,037,370"
502,1.66,404
2264,1.66,408
2318,1.66,"106,402,848"
541,1.69,"5,170"
203,1.7,456
2566,1.7,"384,838,507,468,800"
1898,1.71,"39,774,328"
536,1.73,"1,416"
2572,1.73,"3,108"
1044,1.74,"1,234"
2088,1.75,"36,624"
1874,1.76,"3,776"
2343,1.76,"3,338"
1271,1.77,6
1794,1.77,"26,491,944,960"
2428,1.77,"23,560,512"
310,1.79,"246,740"
316,1.79,"33,581"
2505,1.79,"461,110,355"
1859,1.8,"4,350,192"
3164,1.82,"35,902,080"
1595,1.84,36
270,1.87,"3,506"
886,1.87,819
1962,1.88,"68,699,663,390"
1067,1.89,1
1975,1.89,"232,368"
548,1.9,903
648,1.9,"1,104"
2395,1.9,"76,932"
2337,1.91,"474,336"
2534,1.91,250
499,1.93,388
938,1.93,"5,391"
989,1.93,240
885,1.95,8
976,1.95,"10,696,134"
1080,1.96,"5,402,086"
1705,1.96,"3,355"
2508,2.01,"14,540"
223,2.04,257
1174,2.04,"7,698"
2497,2.05,"29,520"
3170,2.05,"277,900"
1056,2.06,"9,556"
1978,2.07,"778,164"
2267,2.07,288
1730,2.08,"254,560"
135,2.09,2
1309,2.1,12
2368,2.12,12
605,2.13,"25,603"
3285,2.13,"239,382,183"
1091,2.15,45
1297,2.15,"36,020"
921,2.16,414
2547,2.16,2
932,2.17,"5,224,773"
2947,2.18,1
1675,2.19,734
3002,2.19,"10,041"
1085,2.2,"79,001"
1843,2.2,"145,280"
945,2.21,160
1070,2.22,7
1781,2.23,189
2636,2.23,"35,480,561,760"
291,2.24,"8,679"
631,2.24,"2,225,235"
1133,2.24,1
3220,2.25,"337,133,285,500,000"
1075,2.29,"3,682"
1529,2.29,"4,938"
2173,2.31,"33,708"
2334,2.31,"18,360"
628,2.33,"259,819"
1469,2.33,"306,000"
1764,2.34,"14,901"
3012,2.34,"498,092"
533,2.36,"76,635,975"
1109,2.36,"12,315"
3003,2.37,"352,547,524,800"
2564,2.38,"2,150,568"
2495,2.4,"7,300"
2106,2.41,3
295,2.42,"8,370"
3166,2.42,"249,280,544"
3299,2.42,685
1295,2.43,488
952,2.46,"316,443,375,360"
2962,2.46,"5,022"
2509,2.47,"8,817,480"
3232,2.47,"1,212,035,748"
1441,2.49,"6,214"
2356,2.49,1
2442,2.49,"23,088"
500,2.5,"6,787"
3223,2.51,"16,588"
1701,2.53,"98,784"
1513,2.54,"32,592"
1120,2.55,"6,359"
1304,2.57,"10,107,449,102,057,200"
3152,2.57,"19,866"
1286,2.58,534
1580,2.58,"82,660"
1028,2.6,"9,012"
1842,2.63,"4,549,361,544"
1949,2.7,"17,640"
1959,2.7,"56,016"
1900,2.71,"32,208,380,928"
3033,2.72,216
1224,2.74,"58,752"
3228,2.74,"285,112,380"
2379,2.75,"1,217,160"
304,2.81,6
893,2.83,"20,648"
1921,2.83,2
2550,2.83,17
1710,2.84,"1,058,203,200"
2139,2.84,1
1960,2.85,"667,214,016"
3099,2.88,"3,110"
616,2.9,"169,131"
2603,2.9,"2,551"
2908,2.91,162
2100,2.92,"1,188,936"
1564,2.97,"1,154"
490,2.98,"11,147"
2578,3.02,"22,410"
2423,3.04,"7,740"
537,3.06,"100,056"
1690,3.06,"1,023,745,075"
647,3.1,"3,481"
1576,3.1,"1,581"
2512,3.1,"332,777,055"
649,3.11,"710,279,836"
2567,3.13,4
1655,3.14,"13,416"
1033,3.19,"87,776"
943,3.22,"466,296,838,720,000"
1617,3.22,"117,216"
2992,3.22,"486,479,590,744"
2543,3.23,"13,830"
1610,3.26,"121,593,717,596,160"
1803,3.28,"18,480"
84,3.3,"23,450"
418,3.33,129
1312,3.36,"1,604,763,461,184"
2242,3.36,"4,837"
570,3.39,"1,616,992"
858,3.4,4
2440,3.41,"18,799"
3294,3.44,"7,020"
610,3.45,"85,359"
900,3.48,"6,276,709"
1876,3.48,"7,720"
1967,3.48,"19,219,728"
2460,3.53,"19,317"
542,3.54,"11,027"
1092,3.57,"37,668"
1927,3.58,"620,786"
2104,3.62,"7,688"
2487,3.66,"9,615,375"
1157,3.67,"4,203"
3154,3.69,"4,658,742"
268,3.77,"814,880"
1796,3.79,"33,883,200"
2634,3.81,495
540,3.82,"15,268"
642,3.82,"184,276,294,937,280"
2720,3.82,"8,146"
1496,3.83,"14,742"
894,3.84,"104,355"
2972,3.85,"1,025,667,120"
1821,3.9,"12,097"
1788,3.91,"2,050,656"
512,3.94,"54,792"
2492,3.94,"20,538,699,700,608"
1885,4.02,"12,375,197,839"
511,4.03,"6,797,569"
1240,4.04,"662,305,056"
2557,4.05,"5,792"
1050,4.07,"10,170"
510,4.09,29
1308,4.09,"133,753,328"
1236,4.1,"19,594,787"
1263,4.12,"3,689,254"
1252,4.13,"10,547"
3021,4.17,"4,686"
1782,4.19,"9,747"
2615,4.19,"172,528,704"
1216,4.2,"2,777,802"
3083,4.28,"700,562,988,180,000"
2553,4.31,"25,088"
954,4.32,"6,787"
3282,4.32,"6,236,426,196"
522,4.34,"3,038,779,800"
1804,4.35,"118,090"
1137,4.36,"49,988,820"
1233,4.4,"10,192"
3186,4.46,"5,142"
2943,4.54,"14,267"
1753,4.57,"922,080"
516,4.58,"11,188,800"
2425,4.6,"40,665"
2467,4.6,"16,062"
2347,4.63,"27,094"
320,4.65,"11,277"
1124,4.67,"20,998"
1620,4.67,"17,501"
2186,4.7,"90,320"
3212,4.71,"531,521,306,400"
1062,4.72,2
2990,4.75,"524,584,740"
823,4.78,"71,536"
2491,4.8,"18,486,132"
861,4.82,"39,738"
2777,4.83,"10,224"
2555,4.88,"4,510,268"
1944,4.89,"5,562"
2936,4.89,"134,366"
2551,4.96,419
1210,5,"1,919,104"
3245,5.01,"4,929"
1188,5.04,"299,749,488,192"
949,5.07,"2,395,872"
2515,5.16,"58,572"
2608,5.22,"185,182,900"
1677,5.25,"16,512,832"
1816,5.34,"5,215,116"
2907,5.37,"8,740,440"
2260,5.41,"5,618"
3191,5.54,"18,478"
1660,5.62,"291,278,288"
1923,5.69,"125,576"
2239,5.69,"22,871,936,952"
3165,5.69,"8,456,724"
2360,5.78,"580,788"
392,5.83,"10,227"
529,5.94,"10,856"
2971,5.94,"11,113"
1426,5.97,"72,576"
1640,6.07,"2,144,520"
1884,6.15,"3,427,431"
3089,6.15,"140,800"
3269,6.21,"2,537,480,564"
572,6.27,"6,032"
1911,6.32,"1,737,129,567,888,000"
497,6.36,"198,744"
1234,6.39,"644,174,165,108,900"
384,6.46,"5,347"
3218,6.55,"1,081,935,826,679"
3296,6.8,"316,234,319,346"
1313,6.82,"7,877"
3275,6.93,"3,377,803,572,000"
1185,6.94,"36,200"
576,6.99,"10,358,139"
599,7.04,"228,509"
3128,7.17,"501,297"
1117,7.2,"18,650"
2744,7.22,"257,862,528"
2968,7.29,"5,372,438,400"
1593,7.3,"526,043,782"
1897,7.31,"1,938,233"
962,7.34,"264,448"
1933,7.34,"19,573,358"
1817,7.35,"574,600"
1844,7.38,"8,114,379,106,392,000,000"
403,7.4,"3,393,517,680"
3226,7.43,"4,678,358,276,708"
3039,7.48,"13,186"
2750,7.62,"29,036"
2629,7.74,"10,029,451,200"
538,7.82,"88,489"
371,7.86,"98,729"
1022,7.9,"51,589,208"
557,8.19,"4,837"
1267,8.23,"102,419"
2704,8.24,"888,964"
2363,8.29,"1,042,944"
1865,8.33,"34,485"
1785,8.6,"6,442"
1716,8.76,"45,332,169"
2372,8.95,"158,936,256"
379,8.96,"1,000,316"
1040,9.01,"29,104"
1024,9.13,"6,764"
3219,9.2,"15,301"
1504,9.21,"16,691,512"
620,9.24,"405,240"
1076,9.32,"1,566,935,466,800"
2789,9.57,1
3119,9.59,"2,837,546,885,376,000"
2556,9.79,"50,323"
3289,9.81,"1,051,890,748"
2836,9.87,"2,172"
615,9.9,"12,872"
3233,9.93,"255,816"
3265,9.93,"4,799,844"
1815,10.15,"24,386"
563,10.19,"9,856"
2955,10.21,"16,264"
1189,10.64,"2,099,484"
2498,10.99,"33,750"
2265,11.05,"7,484,699,040"
1181,11.14,"448,768"
1605,11.14,"6,882,388,880,640"
817,11.28,"29,491"
3055,11.32,"563,364,547,200"
1038,11.37,288
1126,11.45,"34,740"
1761,11.9,"272,535"
810,11.99,"515,352"
2458,12.24,"18,896,090"
528,12.74,"530,048,984"
1289,12.89,"61,136"
2402,13.02,"25,897"
3124,13.11,"1,405,908"
1138,13.14,"267,298"
433,13.33,4
1294,13.46,"50,495"
1935,13.73,"27,248"
1060,13.79,72
503,13.89,"579,002"
1296,14.01,"2,474,638"
3120,14.56,"25,116"
2290,14.74,"42,917"
1039,14.9,"42,917"
3178,15.27,"4,567,012,607,820"
2350,15.52,"10,213,955,132"
1141,15.7,"20,553,515,758"
1094,15.96,"19,283"
920,16.15,"812,016"
225,16.38,"108,639"
2528,16.5,"39,624"
1925,16.79,"22,383"
1912,17.08,"296,496,216,985,588"
2523,17.24,"46,562"
2511,17.38,"294,091,876,269"
3241,17.75,"1,296,779"
633,17.8,"119,118"
3192,18.14,"59,701"
1784,18.27,"1,160"
3034,18.27,"472,392"
2338,18.28,900
1012,18.32,"424,008"
2989,18.32,"5,600"
345,18.36,21
1493,18.36,5
1686,18.36,101
1196,18.37,70
2904,18.41,"2,040"
2788,18.42,146
478,18.45,128
86,18.48,5
1714,18.51,444
3131,18.64,21
339,18.67,"278,400"
520,18.71,38
630,18.75,"41,766"
1938,18.76,"13,898"
2863,18.77,"85,682,880"
2842,18.8,108
1167,18.85,429
1793,18.85,36
3209,18.85,"50,078,664"
2960,18.86,"40,998,518"
1219,18.89,"2,525"
1902,18.89,"40,320"
992,18.96,"71,849,709,568"
1417,18.97,"57,119,616"
611,19.04,"2,308"
2562,19.16,"35,584,528"
3094,19.22,"1,596"
3163,19.29,"478,882,208"
1032,19.61,"70,932"
1186,19.63,"278,035,392"
3177,19.95,30
1546,20.17,"3,168"
3268,20.21,"1,808,113,307"
2987,20.32,"14,341,999"
3110,20.73,"44,660,243,508"
470,20.75,"88,051"
2861,20.85,"12,135,465,037,994,800,000"
495,20.93,"17,361"
1726,20.96,"43,988,940"
2606,21.22,"1,994,407,826"
3229,21.79,"30,618"
994,21.91,"11,784,410,550"
1904,22.19,"252,823"
2613,22.27,"6,456,528"
3053,22.45,"3,208"
1079,22.54,"10,569,179,863,728"
1166,22.57,"187,046"
624,22.69,"547,371,121,076"
1964,22.7,"178,929,376"
1282,22.85,"239,596,560"
3105,24.14,"489,484,674"
582,24.2,"535,981"
1896,24.39,"76,772"
2522,24.63,"152,033"
318,24.7,"20,893"
3196,25.25,"3,216,360"
1937,25.35,"691,448"
2905,25.9,"208,768,476,608"
2612,26.13,"532,804,006"
1563,26.39,"10,726,690"
2624,26.83,"8,374,073,832"
1311,27.37,"28,317"
1747,28.99,"101,578"
3029,29.38,"236,139,326"
3267,29.46,"55,899,590"
1235,30.86,"53,864,157"
1707,31.12,"336,259"
3260,31.3,"1,026,509,259,552"
3259,32.63,"31,993"
422,32.74,"12,212,672"
1140,34.35,"66,674"
1217,34.46,"105,855"
1886,35.71,"39,225,694,199,538"
2594,36.43,"21,533"
357,36.65,"437,374,080"
3182,36.66,"6,695,014"
3287,37.1,"161,551,638"
588,37.22,"409,455"
3252,38.92,"552,693"
1939,40.01,"2,081,224"
1037,46.08,"55,344"
423,51.1,"842,692,007"
1873,53.76,"1,041,542,712"
515,55.41,"2,223,575,921,952"
2568,56.62,"496,216,153,854"
3015,60.42,"174,273,934"
1095,64.08,"206,289"
1262,66.24,"303,856,715"
2538,68.5,"618,920"
3134,69.25,"21,575,887,004"
1790,70.66,"1,414,981"
2602,71.09,"117,744"
3270,76.39,"760,878"
1156,76.57,"1,096,311"
3213,93.82,"18,493,217,373,912,400,000,000,000"
426,102.31,"1,068,897"
1838,103.5,"1,556,756"
604,104.91,"144,542"
2635,111.12,"135,026,483,096,178,000"
3139,111.79,"345,595"
3063,128.84,"17,736,641"
2474,132.52,"268,658,116"
3118,133.43,"6,184,636"
1307,154.51,"270,168"
2583,160.06,"911,975"
2831,169.8,"8,196,268"
632,188.15,"31,192,685"
2344,193.07,"1,637,060"
1149,193.55,"350,457"
1172,201.05,"138,349,295"
1268,204.3,"194,587,411"
739,205.29,"858,401"
2585,207.17,"5,096,005"
3254,223.22,"277,132"
1159,233.53,"481,904"
853,234.9,"375,159"
2597,247.49,"1,046,633"
1943,247.52,"634,186"
2494,265.98,"421,316"
3266,283.37,"31,611,001"
546,308.44,"24,662,756,479"
1205,339.33,"1,891,657"
1169,342.03,"2,411,994,947"
625,373.68,"1,776,689"
2961,394.15,"1,842,531"
3243,451.38,"1,598,292,462"
1158,516.14,"2,106,593,397"
2619,526.74,"1,084,108,210"
1261,529.02,"1,790,271"
2412,702.38,"2,664"
2822,705.25,"2,324"
3145,709.01,"2,004"
1744,718.41,"20,638,236,402"
1302,738.68,"14,220,405,360"
3242,1158.03,"1,524,549,472"
1269,1332.46,"30,632,250"
1758,2195.25,"53,027,889"
2520,4790.68,"4,962,759,131"
